{"type":"Topology","arcs":[[[3004,4295],[1,-628],[-447,-423],[-60,-20]],[[2498,3224],[-559,-153],[-74,46],[-49,-32],[-41,38],[-110,-18],[-75,71],[-95,30],[-37,-17],[-60,60],[-84,-13],[-98,46],[-53,-46],[-48,43]],[[1115,3279],[-1,365],[-296,0],[-531,1],[0,376],[318,280],[74,-81],[610,0],[0,160],[84,0],[0,120],[-33,137],[20,43],[-5,100],[18,109],[129,29],[33,-58],[121,-37],[56,-52],[39,16],[0,187]],[[1751,4974],[65,4],[65,-38],[154,-24],[80,-29],[64,-103],[98,-66],[61,-21],[54,-68],[65,-32],[45,-80],[88,-4],[129,-76],[73,86],[157,-25],[45,-82],[-18,-51],[28,-70]],[[3004,4295],[80,-25],[159,-101],[97,-149],[-4,-42],[109,-91],[69,-24],[80,26],[54,-22],[16,-49],[47,-19],[108,-125],[49,-106],[74,-97],[97,-79],[-23,-90],[31,-144],[-15,-24],[3,-146],[-39,-84],[-18,-127],[45,-73],[59,23],[48,-25],[60,28],[21,-30],[232,-104],[47,25],[31,-46],[79,3],[91,-114],[105,-59],[54,-63]],[[4850,2342],[-227,-172],[-549,0]],[[4074,2170],[-15,24],[-136,0],[-7,60],[-74,13],[-31,-73],[-74,9],[-57,126],[-76,-51],[-17,51],[-88,-19],[-64,87],[-49,6],[-32,67],[4,59],[-77,18],[-75,102],[-154,169],[-52,18],[-18,61],[-187,88],[-140,50],[-49,115],[-54,9],[-54,65]],[[5130,3010],[60,-53],[36,-155],[-94,-30],[-93,86],[2,104],[89,48]],[[4241,3692],[18,-86],[-21,-79],[-96,-37],[-34,39],[-6,78],[21,58],[73,75],[45,-48]],[[3392,4260],[30,-81],[-63,-3],[-4,67],[37,17]],[[4850,2342],[82,-3],[111,-106],[65,-20],[118,-1],[34,41],[161,-52],[102,-90],[86,-137],[19,-75],[93,-72],[39,-119],[-17,-84],[21,-144],[-92,-64],[-69,12],[-73,-13],[-48,-38],[-112,27],[-39,-30],[-121,10],[-41,37],[-58,-2],[-94,-41],[-19,-81],[2,-168],[75,-74],[29,-69],[-15,-39],[55,-52],[20,-193],[75,-112],[99,-26],[30,-62],[38,-1],[110,-144],[38,-119],[67,-12],[9,-104],[56,-31],[83,16],[78,-63],[-583,0],[-52,-44],[-21,44],[-147,0],[-48,40],[-63,-29],[-100,33],[-19,49],[17,86],[-285,238],[-241,57],[-28,27],[-14,154],[-303,254],[37,6],[45,64],[87,-32],[16,137],[66,84],[9,65],[-33,112],[41,37],[92,527],[-142,101],[-104,116]],[[5707,2743],[49,-9],[38,-60],[64,-10],[66,-53],[34,-69],[-26,-127],[-50,-68],[-51,64],[-69,41],[-81,137],[-8,86],[34,68]],[[1115,3279],[-8,-139],[-26,-40],[29,-66],[-10,-142],[-111,-7],[-46,-53],[-654,278],[-289,123],[0,866],[0,508],[0,621],[0,549],[136,-38],[36,8],[58,-55],[201,-91],[213,-140],[39,-11],[58,-68],[99,9],[115,-99],[276,-142],[61,-44],[228,-73],[52,-27],[179,-32]]],"transform":{"scale":[0.0011896324013378034,0.0009408905971957797],"translate":[141.00106716000005,-8.040231]},"objects":{"png-provinces-region-MOMASE":{"type":"GeometryCollection","geometries":[{"arcs":[[0,1,2,3]],"type":"Polygon","properties":{"code":"PG-ESW","name":"East Sepik Province","parent_code":"PNG","admin_level":"1","admin_level_name":"province","country_code":"PNG","country_name":"Papua New Guinea","region_code":"MOMASE","region_name":"Momase Region","province_code":"PG-ESW","province_name":"East Sepik Province","source_code":"PG-ESW","source_name_column":"shapeName","source_code_column":"shapeISO"}},{"arcs":[[[-1,4,5,6]],[[7]],[[8]],[[9]]],"type":"MultiPolygon","properties":{"code":"PG-MPM","name":"Madang Province","parent_code":"PNG","admin_level":"1","admin_level_name":"province","country_code":"PNG","country_name":"Papua New Guinea","region_code":"MOMASE","region_name":"Momase Region","province_code":"PG-MPM","province_name":"Madang Province","source_code":"PG-MPM","source_name_column":"shapeName","source_code_column":"shapeISO"}},{"arcs":[[[-6,10]],[[11]]],"type":"MultiPolygon","properties":{"code":"PG-MPL","name":"Morobe Province","parent_code":"PNG","admin_level":"1","admin_level_name":"province","country_code":"PNG","country_name":"Papua New Guinea","region_code":"MOMASE","region_name":"Momase Region","province_code":"PG-MPL","province_name":"Morobe Province","source_code":"PG-MPL","source_name_column":"shapeName","source_code_column":"shapeISO"}},{"arcs":[[-3,12]],"type":"Polygon","properties":{"code":"PG-SAN","name":"West Sepik (Sandaun) Province","parent_code":"PNG","admin_level":"1","admin_level_name":"province","country_code":"PNG","country_name":"Papua New Guinea","region_code":"MOMASE","region_name":"Momase Region","province_code":"PG-SAN","province_name":"West Sepik (Sandaun) Province","source_code":"PG-SAN","source_name_column":"shapeName","source_code_column":"shapeISO"}}]}}}