{"type":"Topology","arcs":[[[1508,1539],[20,4]],[[1528,1543],[39,8]],[[1567,1551],[230,39],[266,258]],[[2063,1848],[259,-647],[-18,-330],[-24,-104],[9,-25]],[[2289,742],[-18,0],[-32,19],[-5,20],[-22,10],[-8,-22],[-41,2],[-47,48],[-16,23],[-92,-9],[-95,-70],[-74,-22],[0,-67],[-48,2],[-10,-16],[3,-37],[15,-20],[23,-13],[64,-58],[-48,-11],[1,25],[-11,23],[-39,-19],[-24,27],[-19,47],[-39,43],[-20,-10],[12,-64],[-26,5],[11,40],[-4,26],[19,17],[-12,39],[-24,24],[-39,4],[-10,24],[-1,54],[-16,60],[2,19],[-9,56],[-25,23],[-3,19],[-33,19],[-66,27],[-49,2],[-14,-34],[-23,7],[-42,24],[32,6],[11,42],[-14,17],[-22,53],[-3,22],[19,92],[30,70],[-31,-9],[-43,44],[2,22],[24,12],[26,-15],[48,5],[-8,23],[41,17],[41,35],[19,36],[1,19]],[[2352,555],[228,-42],[259,-250]],[[2839,263],[-71,-147],[-95,-116],[-34,51],[-8,45],[-16,26],[-33,18],[-31,28],[1,9],[-53,49],[2,21],[24,0],[6,18],[-34,4],[-12,24],[-36,5],[-35,40],[-8,42],[-18,-1],[-18,29],[-19,4],[-23,24],[21,29],[3,90]],[[1198,1473],[281,60]],[[1479,1533],[-13,-25],[-32,-35],[-37,-18],[-29,5],[-26,-23],[-47,-2],[-70,24],[-27,14]],[[1508,1539],[20,4]],[[1567,1551],[-38,0],[-12,12],[49,33],[-37,6],[-18,10],[-24,-4],[8,-27],[-16,-48]],[[1198,1473],[-13,11],[-38,9],[-25,34],[-69,50],[-53,17],[-58,-10],[-15,9],[-45,6],[-18,12],[-67,4],[-45,22],[-95,8],[-22,11],[-10,23],[-40,19],[-9,19],[-36,10],[-10,18],[-11,50],[-42,56],[-4,16],[21,39],[-13,29],[-27,27],[-5,19],[-24,24],[14,31],[12,1],[12,51],[73,-3],[3,23],[17,5],[13,29],[-2,40],[-18,6],[-21,-17],[-58,8],[-15,16],[32,19],[-16,27],[-6,39],[-19,12],[-30,7],[-21,26],[-21,77],[-19,44],[-43,30],[-28,42],[-65,62],[-76,96],[-25,20],[-118,55],[0,264]],[[0,3015],[446,-479],[331,-264],[337,-255],[410,0]],[[1524,2017],[711,0]],[[2235,2017],[-172,-169]],[[425,2145],[-27,-28],[-25,28],[-42,111],[2,26],[22,-10],[18,-62],[29,-14],[19,-23],[4,-28]],[[2235,2017],[708,0],[23,-29],[69,-29],[12,-10],[-29,-46],[2,-48],[40,-37],[57,-7],[19,17],[59,-21],[52,-3],[5,-42],[45,-36],[36,-40],[3,-20],[17,-10],[4,-19],[22,-1],[21,-13],[-2,-50],[21,-14],[18,-47],[0,-18],[36,-17],[24,-26],[15,-61],[-7,-36],[8,-48],[35,-10],[17,8],[26,-10],[45,20],[18,20],[51,-13],[39,-1],[30,-70],[19,-16],[1,-54],[-6,-13],[23,-47],[-563,-496],[-409,-361]],[[2352,555],[-10,40],[-27,66],[11,56],[-37,-14],[0,39]],[[0,3015],[0,701],[0,293],[703,-774],[415,-130],[300,-133],[60,-13],[49,-120],[0,-96],[-3,-124],[0,-602]]],"transform":{"scale":[0.00038661137759118307,0.00039970690446495974],"translate":[146.3858121600001,-9.688579019999963]},"objects":{"png-llgs-district-PG-CPM-D003":{"type":"GeometryCollection","geometries":[{"arcs":[[[0,1,2,3,4]],[[5,6]],[[7,8]]],"type":"MultiPolygon","properties":{"code":"PG-CPM-D003-L001","name":"Hiri Rural LLG","parent_code":"PG-CPM-D003","admin_level":"3","admin_level_name":"llg","country_code":"PNG","country_name":"Papua New Guinea","region_code":"SOUTHERN","region_name":"Southern Region","province_code":"PG-CPM","province_name":"Central Province","district_code":"PG-CPM-D003","district_name":"Kairuku - Hiri District","llg_code":"PG-CPM-D003-L001","llg_name":"Hiri Rural LLG","source_code":"","source_name_column":"shapeName","source_code_column":"shapeISO"}},{"arcs":[[[-3,10,-8,11,12,13,14]],[[15]]],"type":"MultiPolygon","properties":{"code":"PG-CPM-D003-L002","name":"Kairuku Rural LLG","parent_code":"PG-CPM-D003","admin_level":"3","admin_level_name":"llg","country_code":"PNG","country_name":"Papua New Guinea","region_code":"SOUTHERN","region_name":"Southern Region","province_code":"PG-CPM","province_name":"Central Province","district_code":"PG-CPM-D003","district_name":"Kairuku - Hiri District","llg_code":"PG-CPM-D003-L002","llg_name":"Kairuku Rural LLG","source_code":"","source_name_column":"shapeName","source_code_column":"shapeISO"}},{"arcs":[[-4,-15,16,-6,17]],"type":"Polygon","properties":{"code":"PG-CPM-D003-L003","name":"Koiari Rural LLG","parent_code":"PG-CPM-D003","admin_level":"3","admin_level_name":"llg","country_code":"PNG","country_name":"Papua New Guinea","region_code":"SOUTHERN","region_name":"Southern Region","province_code":"PG-CPM","province_name":"Central Province","district_code":"PG-CPM-D003","district_name":"Kairuku - Hiri District","llg_code":"PG-CPM-D003-L003","llg_name":"Koiari Rural LLG","source_code":"","source_name_column":"shapeName","source_code_column":"shapeISO"}},{"arcs":[[-13,18]],"type":"Polygon","properties":{"code":"PG-CPM-D003-L004","name":"Mekeo Kuni Rural LLG","parent_code":"PG-CPM-D003","admin_level":"3","admin_level_name":"llg","country_code":"PNG","country_name":"Papua New Guinea","region_code":"SOUTHERN","region_name":"Southern Region","province_code":"PG-CPM","province_name":"Central Province","district_code":"PG-CPM-D003","district_name":"Kairuku - Hiri District","llg_code":"PG-CPM-D003-L004","llg_name":"Mekeo Kuni Rural LLG","source_code":"","source_name_column":"shapeName","source_code_column":"shapeISO"}}]}}}