{"type":"Topology","arcs":[[[3952,1832],[-357,-2],[-3,392],[-810,0],[-316,0],[-101,-167],[-395,0],[-64,168],[-236,0],[-1,687]],[[1669,2910],[423,0],[655,1],[0,450],[230,0],[0,246],[475,-489],[108,144],[53,-193],[129,-471],[83,-301],[20,-83],[-59,-243],[166,-139]],[[3429,4142],[-34,-26],[-310,62],[-162,-1]],[[2923,4177],[-3,17],[21,17],[-8,46],[20,25],[-3,12],[-12,12],[-22,-25],[-3,10],[4,23],[-4,5],[13,19],[-2,10],[11,9],[-4,14],[-13,15],[1,23],[13,26],[-2,32],[-8,11],[5,13],[14,-7],[5,7],[24,-1],[11,19],[13,0],[-4,31],[10,8],[-1,26],[-8,35],[-14,7],[0,184],[26,-12],[18,-21],[29,-10],[9,14],[17,5],[16,-11],[14,15],[16,-2],[6,-10],[15,3],[33,19],[-13,17],[-5,23],[9,13],[23,1],[19,19],[7,-6],[17,14],[-2,21],[16,2],[19,7],[4,29],[29,-23],[12,-3],[19,-22],[5,-40],[4,-9],[21,-4],[6,-17],[13,-11],[-4,-9],[11,-24],[15,-7],[8,-11],[0,-14],[13,-19],[15,10],[21,-9],[8,-23],[17,-7],[19,11],[46,-2],[16,-7],[4,-13],[-10,-11],[8,-9],[2,-333],[-126,-23],[-13,-159]],[[3429,4142],[35,-11],[144,-209],[-426,-310],[-10,0],[-3,22],[-9,4],[-16,-17],[-11,11],[-20,-12],[-14,16],[-9,-1],[-9,-11],[-10,15],[-2,23],[-7,8],[-26,-15],[-8,10],[-10,-10],[-10,6],[-4,21],[-27,18],[9,16],[-13,7],[12,18],[-19,23],[-3,28],[12,14],[-1,25],[-11,-13],[-17,-9],[-1,14],[-21,1],[13,22],[16,14],[-3,19],[-15,27],[-11,-10],[-9,17],[8,13],[0,18],[-6,17],[20,31],[-1,21],[8,9],[-6,15],[-16,1],[-4,24],[-21,10],[-10,16],[7,19],[-3,18],[14,13],[14,-6],[-1,19],[10,1],[9,14],[-14,11]],[[3952,1832],[48,-175],[-194,-2],[-382,-519],[4,-1117],[-20,-4],[-30,9],[-13,-15],[-10,-2],[-20,22],[-14,6],[-8,11],[-17,1],[-14,-4],[-16,-34],[-20,-5],[-29,0],[-7,-4],[-23,8],[-27,32],[6,51],[-17,20],[-17,2],[-7,10],[-38,31],[-21,11],[-21,4],[-43,-17],[-44,-19],[-14,3],[-28,21],[-34,12],[-33,-12],[-33,-26],[-16,4],[-24,20],[-53,28],[-21,14],[-19,9],[-37,-2],[-17,12],[-17,-2],[-25,14],[-3,20],[-37,14],[-11,-17],[-17,-13],[-3,-22],[12,-14],[-25,-46],[-35,-8],[3,-23],[-12,-10],[-31,4],[-27,19],[2,17],[-9,19],[-1,12],[-12,15],[-18,1],[-16,26],[-12,8],[-13,-9],[-25,0],[-18,32],[-10,0],[-2,1031],[-812,1],[-1249,0],[-206,0],[0,1063],[871,791],[15,-8],[9,-28],[32,30],[13,34],[17,15],[12,-6],[8,-23],[-1,-17],[-26,-36],[-34,-19],[-10,-11],[0,-29],[7,-8],[39,5],[9,-11],[1,-25],[11,11],[1,23],[7,11],[22,-2],[14,-7],[12,-15],[14,-39],[15,-6],[15,21],[18,5],[8,-9],[2,-20],[-7,-12],[-20,-4],[-21,1],[-6,-8],[7,-16],[13,-6],[7,-20],[595,0]]],"transform":{"scale":[0.0004338780300000167,0.0003331890365111517],"translate":[141.34273884000004,-5.039352989999941]},"objects":{"png-llgs-district-PG-ESW-D001":{"type":"GeometryCollection","geometries":[{"arcs":[[0,1]],"type":"Polygon","properties":{"code":"PG-ESW-D001-L001","name":"Ambunti Rural LLG","parent_code":"PG-ESW-D001","admin_level":"3","admin_level_name":"llg","country_code":"PNG","country_name":"Papua New Guinea","region_code":"MOMASE","region_name":"Momase Region","province_code":"PG-ESW","province_name":"East Sepik Province","district_code":"PG-ESW-D001","district_name":"Ambunti/Drekikier District","llg_code":"PG-ESW-D001-L001","llg_name":"Ambunti Rural LLG","source_code":"","source_name_column":"shapeName","source_code_column":"shapeISO"}},{"arcs":[[2,3]],"type":"Polygon","properties":{"code":"PG-ESW-D001-L002","name":"Dreikikier Rural LLG","parent_code":"PG-ESW-D001","admin_level":"3","admin_level_name":"llg","country_code":"PNG","country_name":"Papua New Guinea","region_code":"MOMASE","region_name":"Momase Region","province_code":"PG-ESW","province_name":"East Sepik Province","district_code":"PG-ESW-D001","district_name":"Ambunti/Drekikier District","llg_code":"PG-ESW-D001-L002","llg_name":"Dreikikier Rural LLG","source_code":"","source_name_column":"shapeName","source_code_column":"shapeISO"}},{"arcs":[[-3,4]],"type":"Polygon","properties":{"code":"PG-ESW-D001-L003","name":"Gawanga Rural LLG","parent_code":"PG-ESW-D001","admin_level":"3","admin_level_name":"llg","country_code":"PNG","country_name":"Papua New Guinea","region_code":"MOMASE","region_name":"Momase Region","province_code":"PG-ESW","province_name":"East Sepik Province","district_code":"PG-ESW-D001","district_name":"Ambunti/Drekikier District","llg_code":"PG-ESW-D001-L003","llg_name":"Gawanga Rural LLG","source_code":"","source_name_column":"shapeName","source_code_column":"shapeISO"}},{"arcs":[[-1,5]],"type":"Polygon","properties":{"code":"PG-ESW-D001-L004","name":"Tunap/Hustein LLG","parent_code":"PG-ESW-D001","admin_level":"3","admin_level_name":"llg","country_code":"PNG","country_name":"Papua New Guinea","region_code":"MOMASE","region_name":"Momase Region","province_code":"PG-ESW","province_name":"East Sepik Province","district_code":"PG-ESW-D001","district_name":"Ambunti/Drekikier District","llg_code":"PG-ESW-D001-L004","llg_name":"Tunap/Hustein LLG","source_code":"","source_name_column":"shapeName","source_code_column":"shapeISO"}}]}}}