{"type":"Topology","arcs":[[[3770,3040],[-298,-1140],[-12,-37],[-56,-44],[-24,-70],[-41,-17],[-132,-37],[-10,-34],[-42,-20],[-59,-76],[-122,33],[-55,6],[-22,-17],[-15,-45],[-54,10],[-149,45],[-43,-81],[-67,-45],[-114,15],[-85,-38],[-45,-59],[3,-51],[-57,-62],[-40,8],[-152,-32],[-71,-24],[-54,-42]],[[1954,1186],[-36,6],[-18,52],[12,44],[-45,28],[-49,44],[11,69],[-8,102],[-20,23],[16,85],[-46,1],[-17,39]],[[1754,1679],[19,14],[33,68],[42,-12],[32,19],[48,91],[16,148],[47,73],[31,160]],[[2022,2240],[3,60],[-10,49],[1,65]],[[2016,2414],[18,36],[70,88],[31,53],[181,95],[76,93],[34,15],[37,-7],[62,12],[73,-29],[159,-7],[39,-26],[39,-4],[53,41],[97,-23],[108,-15],[27,-19],[119,51],[97,-9],[108,5],[62,33],[13,42],[51,10],[12,52],[39,87],[100,15],[49,37]],[[2022,2240],[-101,17],[-21,-23],[-45,9],[32,34],[11,100],[35,23],[33,53],[50,-39]],[[1954,1186],[18,-23],[-40,-48],[21,-103],[-17,-59],[70,-76],[86,-24],[134,-83],[61,-7],[53,-41],[-43,-55],[19,-75],[-44,-110],[-4,-45],[-43,-38],[-87,-292],[-70,-107],[-32,33],[-47,21],[-97,103],[-150,84],[-24,48],[-81,31],[-49,40],[9,36],[-85,-12],[-52,19],[-28,25],[-34,-11],[-10,28],[-55,-33],[-52,-14],[-18,-30],[-70,-18],[-85,10],[-42,-38],[-60,-14],[-50,-63],[-75,-37],[-38,5],[-54,-49],[-94,-63],[-67,67],[-34,55],[-34,19],[-3,85],[-42,50],[-32,19],[-107,21],[-46,-19],[-191,6],[-56,32],[-83,35],[27,61],[-1,103],[52,86],[7,42],[34,4],[49,74],[41,45],[70,41],[44,1],[95,-49],[84,7],[46,53],[-16,47],[4,55],[43,91],[47,16],[75,75],[33,64],[7,50],[25,53],[333,10],[30,48],[47,45],[25,53],[50,20],[22,42],[91,78],[34,8],[47,39]],[[1445,1733],[12,4],[93,-28],[23,13],[-21,43],[49,12],[22,22],[58,-19],[12,-31],[-17,-47],[78,-23]],[[1445,1733],[-2,96],[-32,47],[-1,34],[26,45],[2,35],[-28,75],[0,45],[14,66],[33,59],[15,55],[0,42],[-38,73],[5,72],[-17,29],[-53,38],[-19,34],[-28,86],[-29,68],[-129,206],[-1,74],[20,37],[49,37],[20,56],[49,30],[52,71],[49,54],[54,11],[6,67],[-10,48],[18,20],[-6,47],[10,55],[-11,20],[10,109],[25,37],[53,15],[82,-51],[19,-37],[56,-22],[78,-75],[77,-25],[40,-39],[19,-53],[-4,-29],[54,3],[94,-92],[53,-19],[30,17],[37,-12],[32,24],[20,42],[55,-16],[73,21],[18,32],[100,16],[37,36],[58,-34],[58,-17],[37,-65],[27,-10],[29,43],[63,50],[44,53],[58,-22],[73,39],[83,28],[82,0],[80,45],[40,54],[55,44],[75,10],[51,52],[40,-14],[16,20],[136,39],[57,6],[76,-32],[67,-66],[57,-14],[56,38],[-169,-654]]],"transform":{"scale":[0.00008638053313023908,0.00008601618630571834],"translate":[144.6881900400001,-6.097707989999947]},"objects":{"png-llgs-district-PG-CPK-D004":{"type":"GeometryCollection","geometries":[{"arcs":[[0,1,2,3,4]],"type":"Polygon","properties":{"code":"PG-CPK-D004-L001","name":"Gena/Waugla Rural LLG","parent_code":"PG-CPK-D004","admin_level":"3","admin_level_name":"llg","country_code":"PNG","country_name":"Papua New Guinea","region_code":"HIGHLANDS","region_name":"Highlands Region","province_code":"PG-CPK","province_name":"Chimbu (Simbu) Province","district_code":"PG-CPK-D004","district_name":"Kerowagi District","llg_code":"PG-CPK-D004-L001","llg_name":"Gena/Waugla Rural LLG","source_code":"","source_name_column":"shapeName","source_code_column":"shapeISO"}},{"arcs":[[-4,5]],"type":"Polygon","properties":{"code":"PG-CPK-D004-L002","name":"Kerowagi Urban LLG","parent_code":"PG-CPK-D004","admin_level":"3","admin_level_name":"llg","country_code":"PNG","country_name":"Papua New Guinea","region_code":"HIGHLANDS","region_name":"Highlands Region","province_code":"PG-CPK","province_name":"Chimbu (Simbu) Province","district_code":"PG-CPK-D004","district_name":"Kerowagi District","llg_code":"PG-CPK-D004-L002","llg_name":"Kerowagi Urban LLG","source_code":"","source_name_column":"shapeName","source_code_column":"shapeISO"}},{"arcs":[[-2,6,7]],"type":"Polygon","properties":{"code":"PG-CPK-D004-L003","name":"Kup Rural LLG","parent_code":"PG-CPK-D004","admin_level":"3","admin_level_name":"llg","country_code":"PNG","country_name":"Papua New Guinea","region_code":"HIGHLANDS","region_name":"Highlands Region","province_code":"PG-CPK","province_name":"Chimbu (Simbu) Province","district_code":"PG-CPK-D004","district_name":"Kerowagi District","llg_code":"PG-CPK-D004-L003","llg_name":"Kup Rural LLG","source_code":"","source_name_column":"shapeName","source_code_column":"shapeISO"}},{"arcs":[[-3,-8,8,-5,-6]],"type":"Polygon","properties":{"code":"PG-CPK-D004-L004","name":"Upper/Lower Koronigl LLG","parent_code":"PG-CPK-D004","admin_level":"3","admin_level_name":"llg","country_code":"PNG","country_name":"Papua New Guinea","region_code":"HIGHLANDS","region_name":"Highlands Region","province_code":"PG-CPK","province_name":"Chimbu (Simbu) Province","district_code":"PG-CPK-D004","district_name":"Kerowagi District","llg_code":"PG-CPK-D004-L004","llg_name":"Upper/Lower Koronigl LLG","source_code":"","source_name_column":"shapeName","source_code_column":"shapeISO"}}]}}}